,countyFIPS,County Name,State_x,population,Male,Female,Under 18 years,18 years and over,65 years and over
0,1003,Baldwin County,AL,223234,"120,664","125,771","51,269","195,166","53,946"
1,1015,Calhoun County,AL,113605,"56,554","59,234","24,410","91,378","21,445"
2,1043,Cullman County,AL,83768,"45,051","45,614","20,170","70,495","17,376"
3,1049,DeKalb County,AL,71513,"36,024","35,974","17,043","54,955","12,763"
4,1051,Elmore County,AL,81209,"43,448","46,115","18,970","70,593","14,594"
5,1055,Etowah County,AL,102268,"50,443","52,645","22,032","81,056","20,370"
6,1069,Houston County,AL,105882,"51,728","56,351","24,386","83,693","20,009"
7,1073,Jefferson County,AL,658573,"316,006","349,403","149,764","515,645","113,686"
8,1077,Lauderdale County,AL,92729,"45,733","50,145","18,804","77,074","20,190"
9,1081,Lee County,AL,164542,"89,415","91,358","37,226","143,547","24,335"
10,1083,Limestone County,AL,98915,"56,166","54,734","24,452","86,448","17,837"
11,1089,Madison County,AL,372909,"199,367","204,198","85,657","317,908","64,228"
12,1095,Marshall County,AL,96774,"49,035","50,388","25,340","74,083","17,325"
13,1097,Mobile County,AL,413210,"197,023","214,388","94,979","316,432","71,584"
14,1101,Montgomery County,AL,226486,"107,059","119,302","53,525","172,836","36,554"
15,1103,Morgan County,AL,119679,"61,086","63,125","28,238","95,973","22,898"
16,1115,St. Clair County,AL,89512,"46,470","47,462","20,790","73,142","17,280"
17,1117,Shelby County,AL,217702,"111,938","118,177","51,047","179,068","39,429"
18,1121,Talladega County,AL,79978,"37,822","42,882","16,451","64,253","15,615"
19,1125,Tuscaloosa County,AL,209355,"112,317","124,463","47,488","189,292","33,505"
20,2090,Fairbanks North Star Borough,AK,96849,"52,872","42,484","21,653","73,703","11,496"
21,2170,Matanuska-Susitna Borough,AK,108317,"59,378","53,947","29,102","84,223","15,458"
22,4001,Apache County,AZ,71887,"32,379","33,053","16,961","48,471","11,022"
23,4003,Cochise County,AZ,125922,"64,013","61,650","26,090","99,573","30,567"
24,4005,Coconino County,AZ,143476,"70,586","73,474","27,859","116,201","20,538"
25,4013,Maricopa County,AZ,4485414,"2,268,514","2,283,010","1,019,237","3,532,287","737,669"
26,4015,Mohave County,AZ,212181,"112,493","108,323","35,311","185,505","71,095"
27,4017,Navajo County,AZ,110924,"54,153","54,497","27,282","81,368","21,389"
28,4019,Pima County,AZ,1047279,"524,150","533,447","206,912","850,685","224,382"
29,4021,Pinal County,AZ,462789,"240,400","223,754","100,898","363,256","97,863"
30,4025,Yavapai County,AZ,235099,"121,122","125,069","37,100","209,091","83,951"
31,4027,Yuma County,AZ,213787,"106,122","101,720","51,691","156,151","42,802"
32,5007,Benton County,AR,279141,"151,676","151,187","76,289","226,574","42,406"
33,5031,Craighead County,AR,110332,"54,169","58,848","28,161","84,856","15,645"
34,5045,Faulkner County,AR,126007,"61,992","65,673","28,378","99,287","18,459"
35,5051,Garland County,AR,99386,"49,170","50,919","19,387","80,702","25,176"
36,5069,Jefferson County,AR,66824,"31,983","32,263","13,722","50,524","12,073"
37,5085,Lonoke County,AR,73309,"38,287","36,938","18,104","57,121","11,382"
38,5119,Pulaski County,AR,391911,"190,255","208,890","91,472","307,673","67,400"
39,5125,Saline County,AR,122437,"61,563","65,794","29,189","98,168","23,520"
40,5131,Sebastian County,AR,127827,"64,053","65,006","30,452","98,607","21,403"
41,5143,Washington County,AR,239187,"127,322","128,732","59,167","196,887","31,922"
42,5145,White County,AR,78753,"37,469","40,286","17,895","59,860","12,827"
43,6001,Alameda County,CA,1671329,"810,070","818,927","317,743","1,311,254","255,508"
44,6007,Butte County,CA,219186,"103,480","103,823","41,520","165,783","38,470"
45,6013,Contra Costa County,CA,1153526,"569,707","587,259","250,737","906,229","201,136"
46,6017,El Dorado County,CA,192843,"96,589","96,057","37,015","155,631","45,669"
47,6019,Fresno County,CA,999101,"510,861","504,329","280,714","734,476","130,982"
48,6023,Humboldt County,CA,135558,"67,044","67,966","24,107","110,903","27,129"
49,6025,Imperial County,CA,181215,"91,304","87,409","50,139","128,574","24,673"
50,6029,Kern County,CA,900202,"468,373","447,735","260,036","656,072","108,035"
51,6031,Kings County,CA,152940,"83,519","69,462","40,804","112,177","16,076"
52,6033,Lake County,CA,64386,"34,380","33,811","14,240","53,951","17,230"
53,6037,Los Angeles County,CA,10039107,"4,825,592","4,895,546","1,983,782","7,737,356","1,479,463"
54,6039,Madera County,CA,157327,"79,198","81,058","43,544","116,712","24,011"
55,6041,Marin County,CA,258826,"124,273","131,745","48,404","207,614","63,076"
56,6045,Mendocino County,CA,86749,"44,738","45,045","18,677","71,106","22,070"
57,6047,Merced County,CA,277680,"147,970","142,044","83,004","207,010","34,130"
58,6053,Monterey County,CA,434061,"220,203","212,655","110,095","322,763","66,224"
59,6055,Napa County,CA,137744,"68,028","66,272","25,623","108,677","28,962"
60,6057,Nevada County,CA,99755,"51,791","50,502","17,316","84,977","29,997"
61,6059,Orange County,CA,3175692,"1,564,705","1,586,479","654,520","2,496,664","516,802"
62,6061,Placer County,CA,398329,"205,189","212,583","90,219","327,553","86,151"
63,6065,Riverside County,CA,2470546,"1,243,465","1,230,437","593,553","1,880,349","379,191"
64,6067,Sacramento County,CA,1552058,"781,977","802,192","359,155","1,225,014","243,351"
65,6069,San Benito County,CA,62808,"33,905","33,674","17,096","50,483","9,154"
66,6071,San Bernardino County,CA,2180085,"1,101,675","1,091,981","557,741","1,635,915","273,836"
67,6073,San Diego County,CA,3338330,"1,660,621","1,615,587","679,625","2,596,583","507,031"
68,6075,San Francisco County,CA,881549,"414,691","393,746","110,431","698,006","147,741"
69,6077,San Joaquin County,CA,762148,"397,943","395,286","207,198","586,031","106,943"
70,6079,San Luis Obispo County,CA,283111,"141,682","140,331","47,567","234,446","62,740"
71,6081,San Mateo County,CA,766573,"364,282","364,899","140,498","588,683","134,604"
72,6083,Santa Barbara County,CA,446499,"223,288","220,549","97,420","346,417","73,831"
73,6085,Santa Clara County,CA,1927852,"956,477","914,468","377,792","1,493,153","282,144"
74,6087,Santa Cruz County,CA,273213,"132,268","132,102","47,992","216,378","50,597"
75,6089,Shasta County,CA,180080,"89,164","91,766","38,623","142,307","39,612"
76,6095,Solano County,CA,447643,"224,469","224,278","97,036","351,711","79,091"
77,6097,Sonoma County,CA,494336,"237,518","245,132","89,845","392,805","106,062"
78,6099,Stanislaus County,CA,550660,"275,330","275,945","145,894","405,381","76,252"
79,6101,Sutter County,CA,96971,"50,253","48,250","23,977","74,526","16,534"
80,6103,Tehama County,CA,65084,"32,586","32,659","15,403","49,842","12,669"
81,6107,Tulare County,CA,466195,"239,821","237,723","141,290","336,254","56,462"
82,6111,Ventura County,CA,846006,"414,249","418,356","179,926","652,679","145,815"
83,6113,Yolo County,CA,220500,"108,344","113,771","43,542","178,573","29,532"
84,6115,Yuba County,CA,78668,"42,289","42,021","22,622","61,688","11,291"
85,8001,Adams County,CO,517421,"269,198","258,377","129,498","398,077","59,702"
86,8005,Arapahoe County,CO,656590,"328,669","327,139","144,963","510,845","95,926"
87,8013,Boulder County,CO,326196,"164,742","162,726","56,878","270,590","54,464"
88,8031,Denver County,CO,727211,"360,565","352,687","127,857","585,395","88,638"
89,8035,Douglas County,CO,351154,"189,745","186,243","86,920","289,068","52,499"
90,8041,El Paso County,CO,720403,"379,024","361,543","169,283","571,284","103,793"
91,8059,Jefferson County,CO,582881,"290,571","285,572","105,197","470,946","103,782"
92,8069,Larimer County,CO,356899,"183,500","183,278","66,336","300,442","64,394"
93,8077,Mesa County,CO,154210,"78,240","80,396","31,841","126,795","33,531"
94,8101,Pueblo County,CO,168424,"84,397","85,147","36,890","132,654","32,695"
95,8123,Weld County,CO,324492,"178,434","171,742","88,394","261,782","45,625"
96,10001,Kent County,DE,180786,"90,564","96,382","42,593","144,353","34,595"
97,10003,New Castle County,DE,558753,"279,996","295,498","121,049","454,445","98,575"
98,10005,Sussex County,DE,234225,"124,097","131,859","44,585","211,371","79,010"
99,12001,Alachua County,FL,269043,"138,383","145,647","49,782","234,248","44,501"
100,12005,Bay County,FL,174705,"91,603","93,531","38,342","146,792","33,729"
101,12009,Brevard County,FL,601942,"311,507","319,186","112,891","517,802","155,807"
102,12011,Broward County,FL,1952778,"957,148","989,878","400,396","1,546,630","352,806"
103,12015,Charlotte County,FL,188910,"99,772","102,889","23,582","179,079","82,079"
104,12017,Citrus County,FL,149657,"81,278","81,251","23,992","138,537","59,756"
105,12019,Clay County,FL,219252,"112,326","114,263","51,139","175,450","39,080"
106,12021,Collier County,FL,384902,"197,084","200,910","64,561","333,433","133,673"
107,12023,Columbia County,FL,71686,"37,754","34,154","15,550","56,358","14,734"
108,12031,Duval County,FL,957755,"493,860","522,676","225,777","790,759","156,867"
109,12033,Escambia County,FL,318316,"160,241","164,637","67,266","257,612","59,213"
110,12035,Flagler County,FL,115081,"61,758","64,947","20,176","106,529","40,155"
111,12053,Hernando County,FL,193920,"100,924","105,972","38,077","168,819","54,394"
112,12055,Highlands County,FL,106221,"50,648","54,970","17,471","88,147","37,820"
113,12057,Hillsborough County,FL,1471968,"746,809","766,492","325,349","1,187,952","229,170"
114,12061,Indian River County,FL,159923,"81,811","85,541","25,050","142,302","59,345"
115,12069,Lake County,FL,367118,"199,285","210,854","77,288","332,851","109,948"
116,12071,Lee County,FL,770577,"405,001","417,452","138,830","683,623","240,924"
117,12073,Leon County,FL,293582,"141,373","155,996","54,398","242,971","43,829"
118,12081,Manatee County,FL,403253,"208,440","220,685","73,446","355,679","123,869"
119,12083,Marion County,FL,365579,"191,520","204,895","73,320","323,095","115,197"
120,12085,Martin County,FL,161000,"80,792","81,214","25,957","136,049","52,766"
121,12086,Miami-Dade County,FL,2716940,"1,314,494","1,359,343","528,962","2,144,875","459,541"
122,12087,Monroe County,FL,74228,"42,917","38,791","12,897","68,811","20,473"
123,12089,Nassau County,FL,88625,"47,395","50,504","18,532","79,367","23,660"
124,12091,Okaloosa County,FL,210738,"111,209","105,273","47,923","168,559","35,662"
125,12095,Orange County,FL,1393452,"716,703","736,023","306,365","1,146,361","191,792"
126,12097,Osceola County,FL,375751,"210,840","211,705","100,418","322,127","56,530"
127,12099,Palm Beach County,FL,1496770,"741,601","776,876","281,799","1,236,678","382,654"
128,12101,Pasco County,FL,553947,"299,676","309,118","122,395","486,399","134,356"
129,12103,Pinellas County,FL,974996,"464,718","497,021","146,573","815,166","255,971"
130,12105,Polk County,FL,724777,"389,252","398,152","171,731","615,673","154,485"
131,12107,Putnam County,FL,74521,"36,786","37,945","15,619","59,112","18,248"
132,12109,St. Johns County,FL,264672,"150,664","156,177","65,403","241,438","65,105"
133,12111,St. Lucie County,FL,328297,"176,727","181,977","69,996","288,708","88,455"
134,12113,Santa Rosa County,FL,184313,"102,329","95,939","42,864","155,404","32,269"
135,12115,Sarasota County,FL,433742,"221,151","241,135","63,364","398,922","174,328"
136,12117,Seminole County,FL,471826,"233,800","244,972","97,846","380,926","79,871"
137,12119,Sumter County,FL,132420,"70,686","74,284","10,316","134,654","83,852"
138,12127,Volusia County,FL,553284,"284,115","295,077","100,319","478,873","147,314"
139,12131,Walton County,FL,74071,"41,864","41,440","17,128","66,176","16,788"
140,13013,Barrow County,GA,83240,"43,604","45,695","22,202","67,097","11,728"
141,13015,Bartow County,GA,107738,"54,917","57,899","25,830","86,986","15,946"
142,13021,Bibb County,GA,153159,"73,370","82,827","37,693","118,504","26,649"
143,13031,Bulloch County,GA,79608,"40,564","42,495","16,261","66,798","10,106"
144,13045,Carroll County,GA,119992,"61,197","63,395","29,237","95,355","17,912"
145,13047,Catoosa County,GA,67580,"34,236","34,590","15,099","53,727","13,140"
146,13051,Chatham County,GA,289430,"144,407","156,700","61,336","239,771","50,794"
147,13057,Cherokee County,GA,258773,"139,874","141,404","63,177","218,101","46,300"
148,13059,Clarke County,GA,128331,"61,331","68,544","20,717","109,158","15,821"
149,13063,Clayton County,GA,292256,"138,288","158,276","79,237","217,327","32,460"
150,13067,Cobb County,GA,760141,"376,720","395,232","171,338","600,614","107,073"
151,13073,Columbia County,GA,156714,"78,743","83,676","40,484","121,935","24,720"
152,13077,Coweta County,GA,148509,"74,986","77,896","34,737","118,145","23,265"
153,13089,DeKalb County,GA,759297,"361,602","401,218","169,585","593,235","106,953"
154,13095,Dougherty County,GA,87956,"38,464","44,502","19,856","63,110","14,145"
155,13097,Douglas County,GA,146343,"71,222","76,094","36,859","110,457","18,083"
156,13103,Effingham County,GA,64296,"34,092","34,949","18,081","50,960","8,423"
157,13113,Fayette County,GA,114421,"59,375","62,655","27,273","94,757","24,275"
158,13115,Floyd County,GA,98498,"49,658","49,785","22,336","77,107","17,552"
159,13117,Forsyth County,GA,244252,"133,152","134,085","67,879","199,358","35,520"
160,13121,Fulton County,GA,1063937,"523,387","551,247","221,563","853,071","137,676"
161,13127,Glynn County,GA,85292,"39,518","45,561","17,059","68,020","20,042"
162,13135,Gwinnett County,GA,936250,"478,646","496,707","251,066","724,287","111,634"
163,13139,Hall County,GA,204441,"105,347","107,345","50,186","162,506","34,066"
164,13151,Henry County,GA,234561,"118,568","129,796","61,599","186,765","30,954"
165,13153,Houston County,GA,157863,"82,329","87,302","42,781","126,850","23,966"
166,13157,Jackson County,GA,72977,"41,273","42,663","20,788","63,148","11,959"
167,13179,Liberty County,GA,61435,"35,279","32,751","18,232","49,798","7,111"
168,13185,Lowndes County,GA,117406,"58,238","61,501","29,116","90,623","15,675"
169,13215,Muscogee County,GA,195769,"97,592","105,024","49,981","152,635","29,867"
170,13217,Newton County,GA,111744,"56,102","61,519","29,291","88,330","15,677"
171,13223,Paulding County,GA,168667,"88,451","89,970","44,989","133,432","20,764"
172,13245,Richmond County,GA,202518,"100,230","106,410","46,573","160,067","31,676"
173,13247,Rockdale County,GA,90896,"44,452","50,532","22,428","72,556","15,165"
174,13255,Spalding County,GA,66703,"33,214","35,705","15,943","52,976","13,041"
175,13285,Troup County,GA,69922,"33,837","36,354","16,531","53,660","11,244"
176,13295,Walker County,GA,69761,"34,263","34,652","14,566","54,349","13,417"
177,13297,Walton County,GA,94593,"50,921","52,144","24,167","78,898","16,995"
178,13313,Whitfield County,GA,104628,"51,669","51,463","25,650","77,482","15,597"
179,15001,Hawaii County,HI,201513,"102,519","103,796","43,190","163,125","48,076"
180,15003,Honolulu County,HI,974563,"503,323","492,315","203,999","791,639","195,314"
181,15007,Kauai County,HI,72293,"37,484","36,326","15,517","58,293","16,668"
182,15009,Maui County,HI,167417,"81,915","82,450","34,160","130,205","34,590"
183,16001,Ada County,ID,481587,"262,625","256,282","112,839","406,068","84,587"
184,16005,Bannock County,ID,87808,"43,939","45,578","22,606","66,911","13,778"
185,16019,Bonneville County,ID,119062,"65,041","64,455","38,429","91,067","17,441"
186,16027,Canyon County,ID,229849,"125,654","125,411","66,405","184,660","36,632"
187,16055,Kootenai County,ID,165697,"91,492","92,086","40,431","143,147","37,344"
188,16083,Twin Falls County,ID,86878,"45,303","48,393","24,643","69,053","15,310"
189,17019,Champaign County,IL,209689,"101,117","105,425","38,617","167,925","29,608"
190,17031,Cook County,IL,5150233,"2,496,346","2,612,946","1,069,612","4,039,680","826,128"
191,17037,DeKalb County,IL,104897,"49,430","50,802","21,308","78,924","15,404"
192,17043,DuPage County,IL,922921,"456,409","464,492","200,391","720,510","162,142"
193,17089,Kane County,IL,532403,"258,142","256,040","121,471","392,711","80,405"
194,17091,Kankakee County,IL,109862,"52,804","53,270","23,817","82,257","18,662"
195,17093,Kendall County,IL,128990,"67,853","69,401","36,800","100,454","16,124"
196,17097,Lake County,IL,696535,"358,544","350,606","162,219","546,931","114,065"
197,17099,LaSalle County,IL,108669,"54,676","53,402","22,529","85,549","21,702"
198,17111,McHenry County,IL,307774,"156,659","155,088","69,136","242,611","51,962"
199,17113,McLean County,IL,171517,"83,389","87,752","35,678","135,463","24,872"
200,17115,Macon County,IL,104009,"49,352","52,131","22,749","78,734","21,394"
201,17119,Madison County,IL,262966,"128,996","134,868","55,509","208,355","49,268"
202,17143,Peoria County,IL,179179,"88,147","90,236","42,134","136,249","33,120"
203,17161,Rock Island County,IL,141879,"70,852","70,675","31,410","110,117","29,308"
204,17163,St. Clair County,IL,259686,"122,269","130,402","57,903","194,768","44,573"
205,17167,Sangamon County,IL,194672,"94,448","100,086","42,183","152,351","38,130"
206,17179,Tazewell County,IL,131803,"64,851","65,060","28,212","101,699","26,143"
207,17183,Vermilion County,IL,75758,"36,179","36,158","16,635","55,702","14,701"
208,17197,Will County,IL,690743,"348,498","348,259","162,745","534,012","102,202"
209,17199,Williamson County,IL,66597,"33,506","33,189","13,922","52,773","13,486"
210,17201,Winnebago County,IL,282572,"139,952","142,236","65,463","216,725","53,255"
211,18003,Allen County,IN,379299,"192,770","198,679","98,461","292,988","61,588"
212,18005,Bartholomew County,IN,83779,"41,119","42,421","19,849","63,691","14,264"
213,18011,Boone County,IN,67843,"36,548","37,616","18,083","56,081","11,775"
214,18019,Clark County,IN,118302,"61,038","63,199","26,952","97,285","20,989"
215,18035,Delaware County,IN,114135,"54,029","58,002","19,941","92,090","19,751"
216,18039,Elkhart County,IN,206341,"101,344","105,546","55,673","151,217","33,197"
217,18043,Floyd County,IN,78522,"39,700","41,014","18,004","62,710","14,012"
218,18053,Grant County,IN,65769,"32,639","33,383","14,082","51,940","12,652"
219,18057,Hamilton County,IN,338011,"179,900","185,021","91,298","273,623","50,524"
220,18059,Hancock County,IN,78168,"41,050","42,020","19,113","63,957","14,706"
221,18063,Hendricks County,IN,170311,"91,382","91,152","44,089","138,445","27,269"
222,18067,Howard County,IN,82544,"41,061","42,513","18,799","64,775","17,414"
223,18081,Johnson County,IN,158167,"81,411","84,371","39,855","125,927","26,742"
224,18085,Kosciusko County,IN,79456,"40,621","40,205","18,657","62,169","14,863"
225,18089,Lake County,IN,485493,"243,500","256,189","115,107","384,582","89,188"
226,18091,LaPorte County,IN,109888,"57,656","54,019","23,480","88,195","21,632"
227,18095,Madison County,IN,129569,"67,307","64,437","27,970","103,774","25,107"
228,18097,Marion County,IN,964582,"470,156","499,310","236,983","732,483","130,933"
229,18105,Monroe County,IN,148431,"69,955","69,790","21,739","118,006","20,384"
230,18109,Morgan County,IN,70489,"36,001","36,235","15,881","56,355","13,285"
231,18127,Porter County,IN,170389,"86,952","87,839","36,973","137,818","31,627"
232,18141,St. Joseph County,IN,271826,"132,879","139,355","62,508","209,726","46,173"
233,18157,Tippecanoe County,IN,195732,"97,132","91,585","37,700","151,017","23,693"
234,18163,Vanderburgh County,IN,181451,"88,013","91,731","38,668","141,076","33,376"
235,18167,Vigo County,IN,107038,"52,886","53,120","21,271","84,735","18,474"
236,18173,Warrick County,IN,62998,"31,763","33,422","15,109","50,076","12,509"
237,18177,Wayne County,IN,65884,"32,279","33,994","14,932","51,341","12,845"
238,19013,Black Hawk County,IA,131228,"64,043","66,231","28,102","102,172","23,467"
239,19049,Dallas County,IA,93453,"53,619","54,397","28,520","79,496","13,589"
240,19061,Dubuque County,IA,97311,"49,699","48,978","21,377","77,300","19,247"
241,19103,Johnson County,IA,151140,"79,218","77,202","29,711","126,709","21,100"
242,19113,Linn County,IA,226706,"113,722","115,311","51,002","178,031","40,313"
243,19153,Polk County,IA,490161,"249,912","251,177","120,133","380,956","71,264"
244,19155,Pottawattamie County,IA,93206,"47,101","46,072","20,998","72,175","17,827"
245,19163,Scott County,IA,172943,"85,221","88,703","39,970","133,954","30,109"
246,19169,Story County,IA,97117,"51,950","47,723","15,786","83,887","13,072"
247,19193,Woodbury County,IA,103107,"53,844","51,827","26,182","79,489","17,704"
248,20015,Butler County,KS,66911,"34,983","33,257","16,226","52,014","11,378"
249,20045,Douglas County,KS,122259,"60,363","59,601","20,496","99,468","17,073"
250,20091,Johnson County,KS,602401,"306,631","312,564","143,499","475,696","100,501"
251,20103,Leavenworth County,KS,81758,"45,010","37,882","19,209","63,683","13,932"
252,20161,Riley County,KS,74232,"37,238","33,870","11,296","59,812","7,655"
253,20173,Sedgwick County,KS,516042,"261,286","264,239","129,502","396,023","84,066"
254,20177,Shawnee County,KS,176875,"86,957","90,523","40,541","136,939","34,585"
255,20209,Wyandotte County,KS,165429,"83,120","82,626","44,510","121,236","22,934"
256,21015,Boone County,KY,133581,"68,715","70,378","34,961","104,132","20,968"
257,21029,Bullitt County,KY,81676,"41,899","41,937","17,479","66,357","14,789"
258,21037,Campbell County,KY,93584,"46,466","46,834","18,995","74,305","16,179"
259,21047,Christian County,KY,70461,"37,481","35,556","20,570","52,467","9,733"
260,21059,Daviess County,KY,101511,"50,671","52,551","24,579","78,643","18,586"
261,21067,Fayette County,KY,323152,"157,451","162,896","65,310","255,037","48,782"
262,21093,Hardin County,KY,110958,"55,684","56,178","27,467","84,395","17,337"
263,21111,Jefferson County,KY,766757,"376,659","396,740","168,846","604,553","136,205"
264,21117,Kenton County,KY,166998,"85,619","84,694","38,966","131,347","27,456"
265,21145,McCracken County,KY,65418,"33,273","34,217","14,914","52,576","14,212"
266,21151,Madison County,KY,92987,"47,236","47,951","19,126","76,061","13,668"
267,21185,Oldham County,KY,66799,"36,581","32,850","16,744","52,687","10,514"
268,21199,Pulaski County,KY,64979,"32,124","33,671","14,309","51,486","12,697"
269,21227,Warren County,KY,132896,"69,302","70,541","32,338","107,505","18,854"
270,22005,Ascension Parish,LA,126604,"64,540","65,918","33,871","96,587","17,520"
271,22015,Bossier Parish,LA,127039,"64,202","65,074","31,739","97,537","20,258"
272,22017,Caddo Parish,LA,240204,"107,906","121,119","52,856","176,169","43,377"
273,22019,Calcasieu Parish,LA,203436,"100,241","102,177","49,978","152,440","33,214"
274,22033,East Baton Rouge Parish,LA,440059,"215,202","235,342","99,846","350,698","70,305"
275,22045,Iberia Parish,LA,69830,"32,799","35,528","17,132","51,195","11,260"
276,22051,Jefferson Parish,LA,432493,"206,748","219,136","93,329","332,555","81,052"
277,22055,Lafayette Parish,LA,244390,"121,122","126,744","58,968","188,898","36,953"
278,22057,Lafourche Parish,LA,97614,"48,740","47,130","19,198","76,672","16,086"
279,22063,Livingston Parish,LA,140789,"72,920","75,505","37,375","111,050","20,563"
280,22071,Orleans Parish,LA,390144,"174,337","195,412","71,467","298,282","64,058"
281,22073,Ouachita Parish,LA,153279,"76,457","81,245","37,198","120,504","25,590"
282,22079,Rapides Parish,LA,129648,"61,641","65,548","31,513","95,676","21,692"
283,22097,St. Landry Parish,LA,82124,"39,500","42,273","21,636","60,137","13,982"
284,22103,St. Tammany Parish,LA,260419,"134,763","138,500","63,665","209,598","51,276"
285,22105,Tangipahoa Parish,LA,134758,"66,058","70,990","33,500","103,548","21,214"
286,22109,Terrebonne Parish,LA,110461,"51,172","53,614","25,620","79,166","17,596"
287,23001,Androscoggin County,ME,108277,"56,184","56,839","22,753","90,270","21,402"
288,23003,Aroostook County,ME,67055,"33,668","33,587","12,070","55,185","17,793"
289,23005,Cumberland County,ME,295003,"150,420","157,031","54,724","252,727","63,504"
290,23011,Kennebec County,ME,122302,"61,200","64,340","23,336","102,204","26,908"
291,23019,Penobscot County,ME,152148,"76,463","77,241","26,658","127,046","31,031"
292,23031,York County,ME,207641,"106,125","110,607","38,179","178,553","48,505"
293,24001,Allegany County,MD,70416,"35,491","31,776","11,837","55,430","14,194"
294,24003,Anne Arundel County,MD,579234,"294,454","298,832","131,824","461,462","95,842"
295,24005,Baltimore County,MD,827370,"402,501","443,660","181,599","664,562","156,152"
296,24009,Calvert County,MD,92525,"47,737","46,836","22,105","72,468","16,099"
297,24013,Carroll County,MD,168447,"87,880","87,425","38,029","137,276","32,142"
298,24015,Cecil County,MD,102855,"52,162","52,780","22,942","82,000","17,833"
299,24017,Charles County,MD,163257,"82,338","87,764","40,153","129,949","23,358"
300,24021,Frederick County,MD,259547,"142,093","144,986","66,037","221,042","44,376"
301,24025,Harford County,MD,255441,"131,080","132,787","58,271","205,596","46,309"
302,24027,Howard County,MD,325690,"166,139","169,272","78,802","256,609","51,749"
303,24031,Montgomery County,MD,1050688,"513,200","539,321","236,871","815,650","181,334"
304,24033,Prince George's County,MD,909327,"457,304","489,667","205,319","741,652","144,701"
305,24037,St. Mary's County,MD,113510,"57,171","57,706","26,636","88,241","15,398"
306,24043,Washington County,MD,151049,"78,522","77,068","33,536","122,054","28,714"
307,24045,Wicomico County,MD,103609,"48,811","55,853","23,581","81,083","17,469"
308,25001,Barnstable County,MA,212990,"112,066","120,391","32,226","200,231","78,236"
309,25003,Berkshire County,MA,124944,"63,024","64,835","19,600","108,259","31,990"
310,25005,Bristol County,MA,565217,"283,450","296,618","117,179","462,889","103,568"
311,25009,Essex County,MA,789034,"392,783","413,982","165,831","640,934","149,588"
312,25011,Franklin County,MA,70180,"35,046","35,848","11,669","59,225","17,827"
313,25013,Hampden County,MA,466372,"225,045","235,996","95,660","365,381","84,207"
314,25015,Hampshire County,MA,160830,"77,789","84,799","22,231","140,357","31,562"
315,25017,Middlesex County,MA,1611699,"799,408","817,697","311,445","1,305,660","267,797"
316,25021,Norfolk County,MA,706775,"351,809","373,722","146,620","578,911","130,192"
317,25023,Plymouth County,MA,521202,"261,300","271,769","108,719","424,350","105,883"
318,25025,Suffolk County,MA,803907,"370,947","395,434","123,141","643,240","103,334"
319,25027,Worcester County,MA,830622,"429,381","433,546","175,170","687,757","148,205"
320,26005,Allegan County,MI,118081,"61,232","59,978","27,917","93,293","22,628"
321,26017,Bay County,MI,103126,"51,913","50,908","19,852","82,969","22,099"
322,26021,Berrien County,MI,153401,"74,785","78,115","32,255","120,645","32,933"
323,26025,Calhoun County,MI,134159,"65,022","68,267","30,291","102,998","24,721"
324,26037,Clinton County,MI,79595,"38,957","40,791","16,854","62,894","15,279"
325,26045,Eaton County,MI,110268,"53,115","55,877","22,033","86,959","21,634"
326,26049,Genesee County,MI,405813,"194,241","207,742","88,039","313,944","75,909"
327,26055,Grand Traverse County,MI,93088,"47,243","49,221","18,536","77,928","21,049"
328,26065,Ingham County,MI,292406,"138,369","145,739","54,698","229,410","42,215"
329,26067,Ionia County,MI,64697,"35,545","31,264","13,815","52,994","10,846"
330,26075,Jackson County,MI,158510,"82,674","77,392","33,328","126,738","30,901"
331,26077,Kalamazoo County,MI,265066,"127,993","133,180","55,107","206,066","42,908"
332,26081,Kent County,MI,656955,"327,694","331,389","152,892","506,191","99,167"
333,26087,Lapeer County,MI,87607,"45,949","42,831","18,319","70,461","17,685"
334,26091,Lenawee County,MI,98451,"50,312","48,255","19,956","78,611","19,685"
335,26093,Livingston County,MI,191995,"99,030","97,131","39,014","157,147","38,837"
336,26099,Macomb County,MI,873972,"428,237","445,958","179,145","695,050","160,508"
337,26103,Marquette County,MI,66699,"33,995","32,666","11,586","55,075","13,652"
338,26111,Midland County,MI,83156,"41,267","42,407","16,946","66,728","17,185"
339,26115,Monroe County,MI,150500,"78,091","77,518","32,391","123,218","30,732"
340,26117,Montcalm County,MI,63888,"35,547","31,886","13,991","53,442","13,008"
341,26121,Muskegon County,MI,173566,"88,648","87,917","38,974","137,591","32,084"
342,26125,Oakland County,MI,1257584,"628,020","641,411","254,152","1,015,279","234,768"
343,26139,Ottawa County,MI,291830,"150,296","150,577","68,856","232,017","49,556"
344,26145,Saginaw County,MI,190539,"93,001","95,329","39,598","148,732","38,452"
345,26147,St. Clair County,MI,159128,"80,178","79,973","32,051","128,100","32,455"
346,26155,Shiawassee County,MI,68122,"34,304","33,718","14,003","54,019","13,698"
347,26159,Van Buren County,MI,75677,"37,440","38,252","16,969","58,723","15,022"
348,26161,Washtenaw County,MI,367601,"182,745","183,631","65,772","300,604","58,011"
349,26163,Wayne County,MI,1749343,"852,374","904,669","411,932","1,345,111","292,355"
350,27003,Anoka County,MN,356921,"185,400","183,464","86,410","282,454","56,931"
351,27013,Blue Earth County,MN,67653,"35,685","33,946","13,595","56,036","10,729"
352,27019,Carver County,MN,105089,"55,326","54,708","26,782","83,252","16,123"
353,27027,Clay County,MN,64222,"33,035","32,894","15,871","50,058","9,609"
354,27035,Crow Wing County,MN,65055,"33,940","34,008","14,139","53,809","16,744"
355,27037,Dakota County,MN,429021,"220,192","223,149","105,017","338,324","70,634"
356,27053,Hennepin County,MN,1265843,"627,692","632,429","268,306","991,815","199,148"
357,27109,Olmsted County,MN,158293,"80,788","83,232","38,692","125,328","27,681"
358,27123,Ramsey County,MN,550321,"263,643","272,770","122,514","413,899","86,047"
359,27131,Rice County,MN,66972,"34,696","32,997","14,221","53,472","11,388"
360,27137,St. Louis County,MN,199070,"100,521","99,011","36,656","162,876","42,724"
361,27139,Scott County,MN,149013,"76,932","77,588","39,587","114,933","19,801"
362,27141,Sherburne County,MN,97238,"52,349","48,475","26,128","74,696","12,314"
363,27145,Stearns County,MN,161075,"80,820","79,585","37,168","123,237","26,086"
364,27163,Washington County,MN,262440,"136,474","139,438","65,516","210,396","45,081"
365,27171,Wright County,MN,138377,"75,713","72,290","39,863","108,140","20,398"
366,28033,DeSoto County,MS,184945,"92,531","99,192","47,467","144,256","26,678"
367,28035,Forrest County,MS,74897,"35,997","42,113","17,869","60,241","11,597"
368,28047,Harrison County,MS,208080,"102,370","108,674","49,091","161,953","35,964"
369,28049,Hinds County,MS,231840,"101,656","116,074","49,986","167,744","36,162"
370,28059,Jackson County,MS,143617,"70,951","74,024","32,808","112,167","25,183"
371,28067,Jones County,MS,68098,"32,833","33,736","16,275","50,294","12,136"
372,28073,Lamar County,MS,63343,"31,692","34,091","16,362","49,421","10,264"
373,28075,Lauderdale County,MS,74125,"33,206","37,698","16,407","54,497","13,206"
374,28081,Lee County,MS,85436,"39,350","43,609","20,468","62,491","12,940"
375,28089,Madison County,MS,106272,"53,711","57,402","26,585","84,528","17,228"
376,28121,Rankin County,MS,155271,"76,065","82,914","35,047","123,932","26,738"
377,29019,Boone County,MO,180463,"90,491","97,199","37,185","150,505","25,564"
378,29021,Buchanan County,MO,87364,"41,313","41,598","18,690","64,221","14,799"
379,29031,Cape Girardeau County,MO,78871,"40,416","42,483","16,791","66,108","14,500"
380,29037,Cass County,MO,105780,"54,335","56,059","25,505","84,889","19,764"
381,29043,Christian County,MO,88595,"45,866","47,248","23,527","69,587","15,981"
382,29047,Clay County,MO,249948,"126,920","130,113","60,009","197,024","39,709"
383,29051,Cole County,MO,76745,"38,817","38,152","16,582","60,387","14,253"
384,29071,Franklin County,MO,103967,"52,780","53,099","23,403","82,476","20,746"
385,29077,Greene County,MO,293086,"149,236","154,057","62,165","241,128","52,915"
386,29097,Jasper County,MO,121328,"59,534","64,541","30,315","93,760","19,905"
387,29099,Jefferson County,MO,225081,"114,699","114,637","51,296","178,040","38,041"
388,29165,Platte County,MO,104418,"54,932","55,602","25,424","85,110","17,410"
389,29183,St. Charles County,MO,402022,"204,000","209,803","92,297","321,506","70,518"
390,29187,St. Francois County,MO,67215,"35,436","31,533","14,296","52,673","11,628"
391,29189,St. Louis County,MO,994205,"474,702","515,712","215,206","775,208","191,309"
392,30013,Cascade County,MT,81366,"42,671","42,193","18,843","66,021","16,541"
393,30029,Flathead County,MT,103806,"56,327","55,487","24,271","87,543","23,431"
394,30031,Gallatin County,MT,114434,"65,517","59,340","23,218","101,639","17,107"
395,30049,Lewis and Clark County,MT,69432,"36,872","36,960","15,346","58,486","15,229"
396,30063,Missoula County,MT,119600,"60,625","60,416","21,492","99,549","20,890"
397,30111,Yellowstone County,MT,161300,"84,169","85,683","38,379","131,473","31,392"
398,31055,Douglas County,NE,571327,"291,828","294,499","146,425","439,902","84,111"
399,31109,Lancaster County,NE,319090,"163,838","160,918","72,033","252,723","50,265"
400,31153,Sarpy County,NE,187196,"99,789","96,764","51,166","145,387","25,404"
401,32003,Clark County,NV,2266715,"1,164,576","1,158,409","515,202","1,807,783","366,089"
402,32031,Washoe County,NV,471519,"253,412","243,333","102,334","394,411","88,403"
403,33005,Cheshire County,NH,76085,"38,486","38,864","13,452","63,898","17,151"
404,33009,Grafton County,NH,89886,"45,250","45,876","14,202","76,924","21,534"
405,33011,Hillsborough County,NH,417025,"214,914","211,680","83,025","343,569","73,312"
406,33013,Merrimack County,NH,151391,"77,802","78,218","28,648","127,372","31,446"
407,33015,Rockingham County,NH,309769,"158,660","160,764","58,305","261,119","65,038"
408,33017,Strafford County,NH,130633,"65,088","67,187","23,353","108,922","22,750"
409,34001,Atlantic County,NJ,263670,"136,915","138,723","56,929","218,709","54,828"
410,34003,Bergen County,NJ,932202,"467,647","485,350","196,712","756,285","174,761"
411,34005,Burlington County,NJ,445349,"230,343","235,760","94,775","371,328","85,947"
412,34007,Camden County,NJ,506471,"254,314","270,593","118,165","406,742","87,300"
413,34009,Cape May County,NJ,92039,"46,465","49,169","15,901","79,733","28,568"
414,34011,Cumberland County,NJ,149527,"76,993","74,363","35,848","115,508","24,395"
415,34013,Essex County,NJ,798975,"413,603","435,874","197,900","651,577","122,556"
416,34015,Gloucester County,NJ,291636,"150,910","155,691","64,357","242,244","52,448"
417,34017,Hudson County,NJ,672391,"351,645","351,721","138,951","564,415","89,831"
418,34019,Hunterdon County,NJ,124371,"63,998","65,779","24,278","105,499","27,122"
419,34021,Mercer County,NJ,367430,"187,066","193,622","81,480","299,208","63,124"
420,34023,Middlesex County,NJ,825062,"429,006","432,412","182,565","678,853","140,364"
421,34025,Monmouth County,NJ,618795,"315,619","328,479","131,491","512,607","124,889"
422,34027,Morris County,NJ,491845,"254,000","257,151","103,853","407,298","94,221"
423,34029,Ocean County,NJ,607186,"319,610","336,125","161,578","494,157","149,854"
424,34031,Passaic County,NJ,501826,"252,045","261,891","120,001","393,935","81,811"
425,34033,Salem County,NJ,62385,"32,747","32,370","13,024","52,093","12,560"
426,34035,Somerset County,NJ,328934,"171,390","175,485","71,922","274,953","60,019"
427,34037,Sussex County,NJ,140488,"73,264","72,820","27,913","118,171","27,936"
428,34039,Union County,NJ,556341,"281,970","287,845","131,748","438,067","87,302"
429,34041,Warren County,NJ,105267,"55,154","55,772","20,786","90,140","21,890"
430,35001,Bernalillo County,NM,679121,"332,239","340,269","136,077","536,431","121,731"
431,35013,Doña Ana County,NM,218195,"109,790","113,547","51,646","171,691","37,193"
432,35025,Lea County,NM,71070,"37,613","34,839","20,928","51,524","8,187"
433,35031,McKinley County,NM,71367,"34,259","35,571","19,034","50,796","9,063"
434,35035,Otero County,NM,67490,"35,074","33,749","14,670","54,153","12,036"
435,35043,Sandoval County,NM,146748,"76,041","77,460","32,641","120,860","30,379"
436,35045,San Juan County,NM,123958,"59,478","60,940","30,461","89,957","19,972"
437,35049,Santa Fe County,NM,150358,"75,853","79,811","25,122","130,542","43,041"
438,35061,Valencia County,NM,76688,"39,791","38,289","17,347","60,733","15,424"
439,36001,Albany County,NY,305506,"154,592","161,219","55,775","260,036","58,247"
440,36005,Bronx County,NY,1418207,"653,279","726,667","334,517","1,045,429","199,243"
441,36007,Broome County,NY,190488,"96,779","100,338","36,984","160,133","40,868"
442,36009,Cattaraugus County,NY,76117,"38,178","38,261","15,870","60,569","16,104"
443,36011,Cayuga County,NY,76576,"38,167","36,831","14,077","60,921","16,589"
444,36013,Chautauqua County,NY,126903,"62,441","63,586","25,039","100,988","27,955"
445,36015,Chemung County,NY,83456,"40,807","40,619","16,620","64,806","17,088"
446,36019,Clinton County,NY,80485,"40,222","38,531","13,516","65,237","15,710"
447,36027,Dutchess County,NY,294218,"148,488","149,057","53,773","243,772","57,818"
448,36029,Erie County,NY,918702,"463,775","486,537","188,516","761,796","184,883"
449,36045,Jefferson County,NY,109834,"62,092","54,545","27,293","89,344","17,927"
450,36047,Kings County,NY,2559903,"1,235,007","1,355,509","572,700","2,017,816","405,138"
451,36053,Madison County,NY,70941,"33,247","33,850","12,192","54,905","13,866"
452,36055,Monroe County,NY,741770,"365,293","386,742","151,268","600,767","142,223"
453,36059,Nassau County,NY,1356924,"681,928","701,798","293,123","1,090,603","261,056"
454,36061,New York County,NY,1628706,"763,019","833,254","223,386","1,372,887","293,385"
455,36063,Niagara County,NY,209281,"104,051","106,829","40,948","169,932","43,147"
456,36065,Oneida County,NY,228671,"114,951","113,895","48,394","180,452","45,843"
457,36067,Onondaga County,NY,460528,"227,667","240,582","97,113","371,136","88,586"
458,36069,Ontario County,NY,109777,"55,450","57,257","21,065","91,642","25,394"
459,36071,Orange County,NY,384940,"202,731","203,210","102,876","303,065","59,817"
460,36075,Oswego County,NY,117124,"60,089","58,198","23,775","94,512","21,670"
461,36079,Putnam County,NY,98320,"49,427","48,618","18,728","79,317","18,963"
462,36081,Queens County,NY,2253858,"1,114,721","1,163,308","442,156","1,835,873","409,723"
463,36083,Rensselaer County,NY,158714,"79,905","79,948","30,105","129,748","29,968"
464,36085,Richmond County,NY,476143,"241,330","249,803","104,669","386,464","85,349"
465,36087,Rockland County,NY,325789,"169,864","169,158","99,171","239,851","53,896"
466,36089,St. Lawrence County,NY,107740,"54,914","52,819","20,743","86,990","20,671"
467,36091,Saratoga County,NY,229863,"118,545","120,252","44,869","193,928","48,487"
468,36093,Schenectady County,NY,155299,"78,002","82,091","33,726","126,367","28,387"
469,36101,Steuben County,NY,95379,"46,368","46,231","19,573","73,026","19,294"
470,36103,Suffolk County,NY,1476601,"757,801","767,664","309,450","1,216,015","277,501"
471,36105,Sullivan County,NY,75432,"41,770","37,888","16,356","63,302","15,354"
472,36109,Tompkins County,NY,102180,"51,827","52,950","13,617","91,160","16,953"
473,36111,Ulster County,NY,177573,"91,214","91,105","30,392","151,927","39,792"
474,36113,Warren County,NY,63944,"32,982","32,617","11,067","54,532","16,229"
475,36117,Wayne County,NY,89918,"45,772","45,353","18,637","72,488","19,377"
476,36119,Westchester County,NY,967506,"483,295","507,132","206,897","783,530","182,142"
477,37001,Alamance County,NC,169509,"84,865","91,488","37,937","138,416","30,510"
478,37019,Brunswick County,NC,142820,"74,586","78,478","21,285","131,779","53,517"
479,37021,Buncombe County,NC,261191,"130,049","143,540","47,763","225,826","59,796"
480,37023,Burke County,NC,90485,"44,267","43,614","15,633","72,248","18,889"
481,37025,Cabarrus County,NC,216453,"115,345","120,452","58,363","177,434","32,456"
482,37027,Caldwell County,NC,82178,"39,185","41,307","15,905","64,587","17,538"
483,37031,Carteret County,NC,69473,"33,061","36,319","11,490","57,890","19,067"
484,37035,Catawba County,NC,159551,"82,284","81,178","34,894","128,568","31,824"
485,37037,Chatham County,NC,74470,"38,103","41,761","14,955","64,909","20,468"
486,37045,Cleveland County,NC,97947,"48,414","52,256","22,371","78,299","19,898"
487,37049,Craven County,NC,102139,"50,554","50,320","21,814","79,060","20,832"
488,37051,Cumberland County,NC,335509,"166,876","169,823","84,051","252,648","44,570"
489,37057,Davidson County,NC,167609,"84,979","87,607","37,030","135,556","32,860"
490,37063,Durham County,NC,321488,"157,180","175,500","64,355","268,325","49,253"
491,37067,Forsyth County,NC,382295,"184,815","204,342","86,909","302,248","66,587"
492,37069,Franklin County,NC,69685,"35,176","39,363","15,949","58,590","12,973"
493,37071,Gaston County,NC,224529,"113,844","120,371","51,765","182,450","38,697"
494,37081,Guilford County,NC,537174,"259,362","286,739","118,120","427,981","88,476"
495,37085,Harnett County,NC,135976,"68,463","70,369","35,047","103,785","19,427"
496,37089,Henderson County,NC,117417,"56,031","62,075","21,272","96,834","31,825"
497,37097,Iredell County,NC,181806,"96,787","99,110","43,073","152,824","33,776"
498,37101,Johnston County,NC,209339,"116,010","118,768","57,198","177,580","33,124"
499,37105,Lee County,NC,61779,"32,297","33,179","15,682","49,794","11,773"
500,37109,Lincoln County,NC,86111,"47,487","45,608","19,150","73,945","18,062"
501,37119,Mecklenburg County,NC,1110356,"554,525","590,867","256,502","888,890","139,061"
502,37125,Moore County,NC,100880,"51,084","54,447","22,664","82,867","25,090"
503,37127,Nash County,NC,94298,"47,614","48,175","21,127","74,662","18,977"
504,37129,New Hanover County,NC,234473,"111,483","123,438","40,898","194,023","44,842"
505,37133,Onslow County,NC,197938,"114,926","92,372","50,996","156,302","21,518"
506,37135,Orange County,NC,148476,"70,314","80,163","27,491","122,986","24,710"
507,37141,Pender County,NC,63060,"32,900","32,837","14,455","51,282","12,204"
508,37147,Pitt County,NC,180742,"82,048","91,494","36,621","136,921","25,748"
509,37151,Randolph County,NC,143667,"72,473","73,570","32,157","113,886","27,331"
510,37155,Robeson County,NC,130625,"56,361","60,302","29,482","87,181","19,107"
511,37157,Rockingham County,NC,91010,"45,602","46,355","18,489","73,468","19,535"
512,37159,Rowan County,NC,142088,"74,101","75,544","32,099","117,546","27,129"
513,37171,Surry County,NC,71783,"35,468","35,935","14,732","56,671","14,784"
514,37179,Union County,NC,239859,"124,727","124,343","62,808","186,262","33,835"
515,37183,Wake County,NC,1111761,"577,073","597,948","266,490","908,531","153,145"
516,37191,Wayne County,NC,123131,"58,171","59,115","27,424","89,862","19,981"
517,37193,Wilkes County,NC,68412,"33,935","31,849","13,114","52,670","15,393"
518,37195,Wilson County,NC,81801,"37,123","41,326","17,672","60,777","15,498"
519,38015,Burleigh County,ND,95626,"49,748","49,532","23,203","76,077","17,928"
520,38017,Cass County,ND,181923,"99,746","92,988","42,123","150,611","25,165"
521,38035,Grand Forks County,ND,69451,"37,547","34,866","14,585","57,828","10,336"
522,38101,Ward County,ND,67641,"35,581","33,289","16,514","52,356","9,527"
523,39003,Allen County,OH,102351,"51,278","49,837","23,495","77,620","19,316"
524,39007,Ashtabula County,OH,97241,"49,422","47,592","20,999","76,015","19,747"
525,39013,Belmont County,OH,67006,"33,150","32,359","12,463","53,046","14,475"
526,39017,Butler County,OH,383134,"191,220","197,200","89,679","298,741","63,794"
527,39023,Clark County,OH,134083,"66,303","68,528","29,427","105,404","27,627"
528,39025,Clermont County,OH,206428,"104,700","106,105","46,279","164,526","39,140"
529,39029,Columbiana County,OH,101883,"50,783","49,728","20,399","80,112","21,845"
530,39035,Cuyahoga County,OH,1235072,"593,726","642,315","251,041","985,000","242,286"
531,39041,Delaware County,OH,209177,"113,093","113,203","55,396","170,900","34,268"
532,39043,Erie County,OH,74266,"36,681","37,820","13,935","60,566","17,715"
533,39045,Fairfield County,OH,157574,"81,597","81,301","38,455","124,443","27,439"
534,39049,Franklin County,OH,1316756,"650,654","671,166","302,915","1,018,905","174,819"
535,39055,Geauga County,OH,93649,"48,072","47,397","21,204","74,265","21,495"
536,39057,Greene County,OH,168937,"84,604","83,852","34,486","133,970","32,169"
537,39061,Hamilton County,OH,817473,"401,298","423,739","186,100","638,937","139,127"
538,39063,Hancock County,OH,75783,"37,169","37,692","16,078","58,783","13,975"
539,39085,Lake County,OH,230149,"115,072","116,770","44,147","187,695","50,280"
540,39089,Licking County,OH,176862,"90,413","90,946","41,150","140,209","32,332"
541,39093,Lorain County,OH,309833,"156,670","159,598","67,724","248,544","62,951"
542,39095,Lucas County,OH,428348,"207,894","218,749","96,669","329,974","74,954"
543,39099,Mahoning County,OH,228683,"110,768","114,868","45,270","180,366","51,020"
544,39101,Marion County,OH,65093,"33,911","30,731","13,761","50,881","12,177"
545,39103,Medina County,OH,179746,"91,712","91,800","38,801","144,711","36,994"
546,39109,Miami County,OH,106987,"55,590","54,657","25,052","85,195","21,537"
547,39113,Montgomery County,OH,531687,"258,205","275,687","116,762","417,130","100,048"
548,39119,Muskingum County,OH,86215,"42,265","43,848","19,335","66,778","16,015"
549,39133,Portage County,OH,162466,"79,841","81,904","28,325","133,420","30,001"
550,39139,Richland County,OH,121154,"65,074","60,245","27,015","98,304","24,950"
551,39141,Ross County,OH,76666,"40,181","36,425","16,061","60,545","13,417"
552,39145,Scioto County,OH,75314,"36,583","35,611","15,717","56,477","13,762"
553,39151,Stark County,OH,370606,"182,305","190,352","79,519","293,138","77,247"
554,39153,Summit County,OH,541013,"261,597","274,285","109,627","426,255","105,433"
555,39155,Trumbull County,OH,197974,"100,323","100,320","40,959","159,684","45,078"
556,39157,Tuscarawas County,OH,91987,"45,753","46,184","20,707","71,230","18,912"
557,39159,Union County,OH,58988,"32,663","34,235","15,623","51,275","10,000"
558,39165,Warren County,OH,234602,"127,193","122,585","58,699","191,079","39,526"
559,39169,Wayne County,OH,115710,"57,790","58,769","27,620","88,939","22,145"
560,39173,Wood County,OH,130817,"66,542","65,050","26,336","105,256","22,668"
561,40017,Canadian County,OK,148306,"84,042","85,107","42,987","126,162","23,410"
562,40027,Cleveland County,OK,284014,"150,260","149,327","60,307","239,280","44,345"
563,40031,Comanche County,OK,120749,"63,882","59,164","29,311","93,735","16,699"
564,40037,Creek County,OK,71522,"35,553","37,146","16,635","56,064","13,544"
565,40101,Muskogee County,OK,67997,"31,927","34,427","16,213","50,141","11,510"
566,40109,Oklahoma County,OK,797434,"395,098","407,461","200,456","602,103","117,421"
567,40119,Payne County,OK,81784,"42,435","40,359","15,042","67,752","11,394"
568,40125,Pottawatomie County,OK,72592,"35,220","38,313","16,861","56,672","12,493"
569,40131,Rogers County,OK,92459,"49,724","49,112","22,583","76,253","16,981"
570,40143,Tulsa County,OK,651552,"332,862","344,496","167,055","510,303","104,580"
571,40145,Wagoner County,OK,81289,"43,233","43,411","20,146","66,498","15,096"
572,41003,Benton County,OR,93053,"49,373","48,257","14,717","82,913","17,510"
573,41005,Clackamas County,OR,418187,"210,881","212,296","87,173","336,004","84,463"
574,41017,Deschutes County,OR,197692,"102,618","103,931","38,713","167,836","44,477"
575,41019,Douglas County,OR,110980,"56,515","55,782","21,230","91,067","29,969"
576,41029,Jackson County,OR,220944,"108,857","112,787","44,693","176,951","51,843"
577,41033,Josephine County,OR,87487,"43,040","44,690","16,137","71,593","24,034"
578,41035,Klamath County,OR,68238,"35,761","34,451","14,771","55,441","15,384"
579,41039,Lane County,OR,382067,"189,330","193,023","66,028","316,325","81,354"
580,41043,Linn County,OR,129749,"65,422","65,045","28,527","101,940","25,786"
581,41047,Marion County,OR,347818,"175,175","171,528","81,029","265,674","58,746"
582,41051,Multnomah County,OR,812855,"395,801","399,282","138,095","656,988","119,503"
583,41053,Polk County,OR,86085,"43,783","45,831","19,175","70,439","17,340"
584,41059,Umatilla County,OR,77950,"42,379","37,836","19,456","60,759","13,802"
585,41067,Washington County,OR,601592,"299,993","300,183","127,461","472,715","89,904"
586,41071,Yamhill County,OR,107100,"54,890","53,336","22,498","85,728","20,471"
587,42001,Adams County,PA,103009,"53,084","52,943","20,085","85,942","23,113"
588,42003,Allegheny County,PA,1216045,"602,672","630,581","226,309","1,006,944","251,083"
589,42005,Armstrong County,PA,64735,"32,619","32,128","12,208","52,539","15,484"
590,42007,Beaver County,PA,163929,"80,804","84,873","31,594","134,083","38,044"
591,42011,Berks County,PA,421164,"214,645","215,804","93,761","336,688","78,074"
592,42013,Blair County,PA,121829,"59,531","61,501","23,677","97,355","26,707"
593,42017,Bucks County,PA,628270,"318,964","326,090","126,780","518,274","132,739"
594,42019,Butler County,PA,187853,"98,329","98,971","37,265","160,035","41,160"
595,42021,Cambria County,PA,130192,"65,615","65,826","25,010","106,431","31,915"
596,42025,Carbon County,PA,64182,"33,064","32,396","12,364","53,096","15,236"
597,42027,Centre County,PA,162385,"82,820","75,605","22,715","135,710","25,583"
598,42029,Chester County,PA,524989,"271,309","274,514","118,766","427,057","97,204"
599,42033,Clearfield County,PA,79255,"40,384","37,520","14,278","63,626","17,579"
600,42039,Crawford County,PA,84629,"41,083","41,587","16,528","66,142","18,752"
601,42041,Cumberland County,PA,253370,"132,635","135,944","54,356","214,223","51,168"
602,42043,Dauphin County,PA,278299,"141,602","147,198","63,740","225,060","53,028"
603,42045,Delaware County,PA,566747,"278,828","296,354","125,169","450,013","101,288"
604,42049,Erie County,PA,269728,"133,184","134,505","55,075","212,614","52,621"
605,42051,Fayette County,PA,129274,"62,928","62,827","24,038","101,717","28,548"
606,42055,Franklin County,PA,155027,"78,235","78,667","33,728","123,174","32,193"
607,42063,Indiana County,PA,84073,"41,575","41,382","14,794","68,163","17,426"
608,42069,Lackawanna County,PA,209674,"106,830","108,785","43,802","171,813","43,885"
609,42071,Lancaster County,PA,545724,"274,175","282,454","127,269","429,360","110,036"
610,42073,Lawrence County,PA,85512,"41,181","43,668","16,832","68,017","19,781"
611,42075,Lebanon County,PA,141793,"70,109","73,902","32,246","111,765","29,463"
612,42077,Lehigh County,PA,369318,"185,977","190,340","83,946","292,371","64,951"
613,42079,Luzerne County,PA,317417,"163,252","163,117","65,849","260,520","65,695"
614,42081,Lycoming County,PA,113299,"55,308","57,796","23,126","89,978","23,366"
615,42085,Mercer County,PA,109424,"53,792","55,428","20,335","88,885","25,113"
616,42089,Monroe County,PA,170271,"82,555","84,643","31,735","135,463","32,578"
617,42091,Montgomery County,PA,830915,"424,391","440,292","181,250","683,433","164,371"
618,42095,Northampton County,PA,305285,"157,368","161,158","60,315","258,211","64,444"
619,42097,Northumberland County,PA,90843,"46,353","43,780","16,816","73,317","20,074"
620,42101,Philadelphia County,PA,1584064,"743,296","823,962","330,266","1,236,992","230,682"
621,42107,Schuylkill County,PA,141359,"74,168","68,936","28,119","114,985","30,406"
622,42111,Somerset County,PA,73447,"37,976","34,734","13,449","59,261","17,573"
623,42125,Washington County,PA,206865,"103,921","106,462","40,707","169,676","46,593"
624,42129,Westmoreland County,PA,348899,"174,186","177,871","63,153","288,904","86,332"
625,42133,York County,PA,449058,"229,460","231,598","99,536","361,522","86,739"
626,44003,Kent County,RI,164292,"84,133","87,142","30,727","140,548","34,937"
627,44005,Newport County,RI,82082,"41,629","42,852","13,179","71,302","21,442"
628,44007,Providence County,RI,638931,"322,864","334,424","131,144","526,144","108,329"
629,44009,Washington County,RI,125577,"63,330","67,000","19,641","110,689","30,807"
630,45003,Aiken County,SC,170872,"84,293","89,857","36,459","137,691","37,041"
631,45007,Anderson County,SC,202558,"101,362","108,219","46,844","162,737","39,263"
632,45013,Beaufort County,SC,192122,"95,662","100,709","33,697","162,674","55,980"
633,45015,Berkeley County,SC,227907,"122,077","123,040","57,151","187,966","36,789"
634,45019,Charleston County,SC,411406,"203,572","215,707","79,999","339,280","76,165"
635,45035,Dorchester County,SC,162809,"83,148","82,985","39,454","126,679","25,794"
636,45041,Florence County,SC,138293,"64,820","71,901","31,983","104,738","24,716"
637,45045,Greenville County,SC,523542,"267,856","280,094","124,178","423,772","93,196"
638,45047,Greenwood County,SC,70811,"32,014","37,253","15,212","54,055","14,434"
639,45051,Horry County,SC,354081,"184,146","198,955","64,188","318,913","101,673"
640,45055,Kershaw County,SC,66551,"32,901","34,850","15,256","52,495","12,766"
641,45057,Lancaster County,SC,98012,"50,252","54,325","22,423","82,154","22,877"
642,45059,Laurens County,SC,67493,"33,720","34,245","13,963","54,002","13,528"
643,45063,Lexington County,SC,298750,"148,557","156,240","68,860","235,937","52,883"
644,45073,Oconee County,SC,79546,"40,018","40,162","14,982","65,198","19,769"
645,45075,Orangeburg County,SC,86175,"39,253","43,841","17,839","65,255","17,377"
646,45077,Pickens County,SC,126884,"67,162","66,300","24,424","109,038","23,266"
647,45079,Richland County,SC,415759,"202,777","218,789","89,258","332,308","59,738"
648,45083,Spartanburg County,SC,319785,"168,981","176,850","79,662","266,169","57,148"
649,45085,Sumter County,SC,106721,"50,749","53,263","23,941","80,071","18,338"
650,45091,York County,SC,280979,"143,210","151,038","68,657","225,591","46,787"
651,46083,Lincoln County,SD,61128,"35,202","35,785","19,140","51,847","11,080"
652,46099,Minnehaha County,SD,193134,"104,723","99,248","51,282","152,689","28,434"
653,46103,Pennington County,SD,113775,"58,162","56,299","25,061","89,400","22,794"
654,47001,Anderson County,TN,76978,"39,237","39,676","16,512","62,401","15,491"
655,47009,Blount County,TN,133088,"68,650","71,308","27,674","112,284","29,825"
656,47011,Bradley County,TN,108110,"53,527","57,089","23,819","86,797","19,326"
657,47037,Davidson County,TN,694144,"341,794","366,350","140,539","567,605","94,485"
658,47059,Greene County,TN,69069,"35,669","35,736","13,354","58,051","15,708"
659,47063,Hamblen County,TN,64934,"32,662","32,506","14,621","50,547","11,463"
660,47065,Hamilton County,TN,367804,"182,132","192,550","77,526","297,156","69,587"
661,47093,Knox County,TN,470313,"242,250","252,324","101,703","392,871","81,398"
662,47113,Madison County,TN,97984,"46,893","52,352","21,971","77,274","18,055"
663,47119,Maury County,TN,96387,"53,831","54,328","24,240","83,919","18,549"
664,47125,Montgomery County,TN,208993,"118,415","116,786","62,178","173,023","23,179"
665,47141,Putnam County,TN,80245,"40,616","41,766","17,058","65,324","14,322"
666,47147,Robertson County,TN,71813,"37,439","38,031","17,780","57,690","11,636"
667,47149,Rutherford County,TN,332285,"179,112","181,507","87,161","273,458","40,993"
668,47155,Sevier County,TN,98250,"48,742","50,047","19,865","78,924","20,128"
669,47157,Shelby County,TN,937166,"435,472","480,899","228,437","687,934","137,972"
670,47163,Sullivan County,TN,158348,"79,108","81,712","30,534","130,286","35,623"
671,47165,Sumner County,TN,191283,"99,320","104,538","46,310","157,548","34,541"
672,47179,Washington County,TN,129375,"67,214","68,958","24,832","111,340","26,156"
673,47187,Williamson County,TN,238412,"129,043","131,772","66,469","194,346","38,205"
674,47189,Wilson County,TN,144657,"78,441","80,114","36,560","121,995","25,089"
675,48005,Angelina County,TX,86715,"43,242","43,859","21,793","65,308","14,368"
676,48021,Bastrop County,TX,88723,"53,414","52,774","26,838","79,350","16,965"
677,48027,Bell County,TX,362924,"193,812","194,574","106,017","282,369","45,651"
678,48029,Bexar County,TX,2003554,"1,024,634","1,034,896","506,192","1,553,338","261,960"
679,48037,Bowie County,TX,93245,"45,528","46,507","21,542","70,493","17,294"
680,48039,Brazoria County,TX,374264,"196,431","191,750","98,911","289,270","49,545"
681,48041,Brazos County,TX,229211,"121,469","120,545","48,120","193,894","25,362"
682,48061,Cameron County,TX,423163,"210,080","215,128","121,554","303,654","60,258"
683,48085,Collin County,TX,1034730,"577,666","581,030","283,701","874,995","135,472"
684,48091,Comal County,TX,156209,"91,954","92,688","40,461","144,181","34,072"
685,48099,Coryell County,TX,75951,"42,978","42,079","18,408","66,649","9,929"
686,48113,Dallas County,TX,2635516,"1,293,425","1,307,415","648,401","1,952,439","306,818"
687,48121,Denton County,TX,887207,"484,286","492,995","226,453","750,828","112,877"
688,48135,Ector County,TX,166223,"81,812","79,057","47,271","113,598","15,916"
689,48139,Ellis County,TX,184826,"105,284","106,898","55,417","156,765","27,763"
690,48141,El Paso County,TX,839238,"432,804","435,959","224,757","644,006","113,548"
691,48157,Fort Bend County,TX,811688,"439,315","449,831","235,537","653,609","111,325"
692,48167,Galveston County,TX,342139,"177,515","179,602","83,659","273,458","56,495"
693,48181,Grayson County,TX,136212,"70,224","72,907","33,880","109,251","26,264"
694,48183,Gregg County,TX,123945,"61,375","64,068","32,071","93,372","20,657"
695,48187,Guadalupe County,TX,166847,"91,889","90,871","43,404","139,356","27,378"
696,48201,Harris County,TX,4713325,"2,381,745","2,399,168","1,230,247","3,550,666","560,423"
697,48203,Harrison County,TX,66553,"33,192","36,763","16,591","53,364","12,127"
698,48209,Hays County,TX,230191,"133,562","135,663","59,919","209,306","32,508"
699,48213,Henderson County,TX,82737,"42,275","42,236","17,902","66,609","19,498"
700,48215,Hidalgo County,TX,868707,"439,292","449,075","274,145","614,222","102,441"
701,48221,Hood County,TX,61643,"32,324","34,049","13,474","52,899","17,723"
702,48231,Hunt County,TX,98594,"53,346","54,936","25,845","82,437","16,825"
703,48245,Jefferson County,TX,251565,"129,722","121,108","60,927","189,903","38,806"
704,48251,Johnson County,TX,175817,"98,495","97,011","49,693","145,813","27,520"
705,48257,Kaufman County,TX,136154,"85,705","86,661","48,880","123,486","18,282"
706,48291,Liberty County,TX,88219,"50,650","51,342","29,986","72,006","12,610"
707,48303,Lubbock County,TX,310569,"156,912","160,649","74,294","243,267","41,814"
708,48309,McLennan County,TX,256623,"131,783","135,053","63,417","203,419","41,043"
709,48329,Midland County,TX,176832,"88,167","83,832","50,029","121,970","18,356"
710,48339,Montgomery County,TX,607391,"337,701","340,789","173,693","504,797","94,307"
711,48355,Nueces County,TX,362294,"176,510","175,164","83,764","267,910","55,301"
712,48361,Orange County,TX,83396,"42,859","42,075","21,480","63,454","14,163"
713,48367,Parker County,TX,142878,"84,308","81,526","40,356","125,478","26,615"
714,48375,Potter County,TX,117415,"59,818","55,827","30,730","84,915","16,147"
715,48381,Randall County,TX,137713,"72,549","73,591","34,620","111,520","22,494"
716,48397,Rockwall County,TX,104915,"62,263","60,945","32,336","90,872","15,803"
717,48409,San Patricio County,TX,66730,"36,078","33,876","18,148","51,806","10,676"
718,48423,Smith County,TX,232751,"118,130","123,792","58,091","183,831","42,086"
719,48427,Starr County,TX,64633,"32,086","33,642","21,164","44,564","7,390"
720,48439,Tarrant County,TX,2102515,"1,061,166","1,093,429","543,111","1,611,484","265,895"
721,48441,Taylor County,TX,138034,"71,487","73,676","35,010","110,153","21,413"
722,48451,Tom Green County,TX,119200,"59,793","59,099","28,391","90,501","19,743"
723,48453,Travis County,TX,1273954,"679,283","647,153","264,050","1,062,386","145,457"
724,48469,Victoria County,TX,92084,"45,864","45,201","22,565","68,500","15,360"
725,48471,Walker County,TX,72971,"48,547","30,323","11,321","67,549","12,265"
726,48479,Webb County,TX,276652,"133,476","134,304","82,592","185,188","26,934"
727,48485,Wichita County,TX,132230,"67,331","62,647","29,412","100,566","19,924"
728,48491,Williamson County,TX,590551,"335,139","336,279","160,014","511,404","86,749"
729,48497,Wise County,TX,69984,"38,354","36,541","18,159","56,736","11,686"
730,49005,Cache County,UT,128289,"70,230","69,943","40,083","100,090","13,740"
731,49011,Davis County,UT,355481,"187,316","182,632","110,710","259,238","40,821"
732,49035,Salt Lake County,UT,1160437,"602,122","584,135","296,884","889,373","143,080"
733,49045,Tooele County,UT,72259,"40,451","39,483","24,591","55,343","7,046"
734,49049,Utah County,UT,636235,"356,944","345,490","219,921","482,513","56,150"
735,49053,Washington County,UT,177556,"98,853","98,827","47,583","150,097","44,202"
736,49057,Weber County,UT,260213,"137,656","131,905","70,893","198,668","33,414"
737,50007,Chittenden County,VT,163774,"82,357","86,944","28,706","140,595","29,037"
738,51003,Albemarle County,VA,109330,"55,467","59,067","21,662","92,872","23,685"
739,51013,Arlington County,VA,236842,"117,465","116,535","42,168","191,832","27,765"
740,51015,Augusta County,VA,75558,"39,641","38,423","13,942","64,122","17,785"
741,51019,Bedford County,VA,78997,"40,561","40,287","15,485","65,363","18,915"
742,51041,Chesterfield County,VA,352802,"182,388","196,020","88,109","290,299","62,193"
743,51059,Fairfax County,VA,1147532,"569,665","568,666","257,739","880,592","172,168"
744,51061,Fauquier County,VA,71222,"37,536","37,128","16,598","58,066","12,626"
745,51069,Frederick County,VA,89313,"47,965","47,086","21,328","73,723","17,669"
746,51085,Hanover County,VA,107766,"55,587","57,351","23,972","88,966","21,524"
747,51087,Henrico County,VA,330818,"158,883","175,079","72,656","261,306","56,995"
748,51095,James City County,VA,76523,"38,803","42,396","15,629","65,570","21,785"
749,51107,Loudoun County,VA,413538,"216,846","215,239","113,893","318,192","46,645"
750,51121,Montgomery County,VA,98535,"50,555","48,360","14,540","84,375","13,719"
751,51153,Prince William County,VA,470335,"245,157","241,786","127,873","359,070","54,785"
752,51161,Roanoke County,VA,94186,"45,753","51,161","18,764","78,150","21,938"
753,51165,Rockingham County,VA,81948,"42,162","43,235","18,251","67,146","17,264"
754,51177,Spotsylvania County,VA,136215,"73,440","73,248","35,360","111,328","22,788"
755,51179,Stafford County,VA,152882,"83,120","80,260","42,370","121,010","18,736"
756,51199,York County,VA,68280,"35,259","36,082","16,327","55,014","12,067"
757,51650,Hampton city,VA,134510,"67,193","70,844","29,385","108,652","22,674"
758,51680,Lynchburg city,VA,82168,"36,734","42,553","14,967","64,320","11,336"
759,51770,Roanoke city,VA,99143,"44,541","53,306","21,905","75,942","17,351"
760,53005,Benton County,WA,204390,"107,806","104,985","54,973","157,818","33,661"
761,53007,Chelan County,WA,77200,"39,973","39,953","17,658","62,268","16,915"
762,53009,Clallam County,WA,77331,"38,583","39,222","12,681","65,124","24,992"
763,53011,Clark County,WA,488241,"257,272","259,507","114,239","402,540","88,216"
764,53015,Cowlitz County,WA,110593,"55,875","56,081","24,870","87,086","22,399"
765,53021,Franklin County,WA,95222,"50,990","47,688","29,847","68,831","10,478"
766,53025,Grant County,WA,97733,"51,345","49,966","28,720","72,591","14,534"
767,53027,Grays Harbor County,WA,75061,"39,227","37,811","15,226","61,812","17,962"
768,53029,Island County,WA,85141,"44,991","41,634","14,782","71,843","23,273"
769,53033,King County,WA,2252782,"1,151,810","1,114,979","435,695","1,831,094","323,122"
770,53035,Kitsap County,WA,271473,"143,650","134,023","53,752","223,921","55,217"
771,53041,Lewis County,WA,80707,"43,022","42,348","18,049","67,321","18,732"
772,53045,Mason County,WA,66768,"35,324","32,842","13,283","54,883","16,857"
773,53053,Pierce County,WA,904980,"466,724","460,656","210,895","716,485","138,363"
774,53057,Skagit County,WA,129205,"66,892","64,287","27,363","103,816","29,121"
775,53061,Snohomish County,WA,822083,"424,312","415,767","183,513","656,566","125,828"
776,53063,Spokane County,WA,522798,"273,987","275,703","117,125","432,565","95,897"
777,53067,Thurston County,WA,290536,"147,104","151,654","61,480","237,278","57,422"
778,53073,Whatcom County,WA,229247,"113,417","117,260","42,239","188,438","43,910"
779,53077,Yakima County,WA,250873,"129,749","127,252","74,061","182,940","37,005"
780,54003,Berkeley County,WV,119171,"64,794","64,696","29,335","100,155","20,510"
781,54011,Cabell County,WV,91945,"45,077","47,653","18,130","74,600","18,162"
782,54033,Harrison County,WV,67256,"32,009","32,906","13,710","51,205","13,328"
783,54039,Kanawha County,WV,178124,"84,533","90,982","34,304","141,211","39,298"
784,54061,Monongalia County,WV,105612,"55,418","51,451","17,242","89,627","14,420"
785,54081,Raleigh County,WV,73361,"36,230","36,652","15,333","57,549","16,758"
786,54107,Wood County,WV,83518,"40,816","42,524","17,239","66,101","18,139"
787,55009,Brown County,WI,264542,"134,785","135,251","61,271","208,765","44,169"
788,55017,Chippewa County,WI,64658,"35,126","31,681","13,895","52,912","13,144"
789,55025,Dane County,WI,546695,"284,977","283,226","110,189","458,014","87,199"
790,55027,Dodge County,WI,87839,"45,833","42,449","16,863","71,419","16,920"
791,55035,Eau Claire County,WI,104646,"53,645","53,192","20,993","85,844","18,356"
792,55039,Fond du Lac County,WI,103403,"51,558","52,278","21,363","82,473","21,143"
793,55055,Jefferson County,WI,84769,"43,419","42,365","16,475","69,309","16,194"
794,55059,Kenosha County,WI,169561,"83,860","83,957","35,901","131,916","26,860"
795,55063,La Crosse County,WI,118016,"60,168","60,126","22,697","97,597","22,093"
796,55071,Manitowoc County,WI,78981,"41,021","40,151","15,713","65,459","18,293"
797,55073,Marathon County,WI,135692,"69,794","68,164","30,809","107,149","26,647"
798,55079,Milwaukee County,WI,945726,"447,146","471,515","216,232","702,429","136,724"
799,55087,Outagamie County,WI,187885,"96,940","95,187","43,697","148,430","32,362"
800,55089,Ozaukee County,WI,89221,"45,904","47,105","19,336","73,673","20,807"
801,55097,Portage County,WI,70772,"36,180","34,538","13,317","57,401","13,148"
802,55101,Racine County,WI,196311,"98,146","97,700","44,347","151,499","35,548"
803,55105,Rock County,WI,163354,"82,581","81,479","36,459","127,601","28,930"
804,55109,St. Croix County,WI,90687,"48,282","47,735","22,045","73,972","15,445"
805,55111,Sauk County,WI,64442,"32,746","33,031","14,450","51,327","13,278"
806,55117,Sheboygan County,WI,115340,"60,026","57,815","25,003","92,838","23,702"
807,55127,Walworth County,WI,103868,"52,926","52,454","20,223","85,157","21,050"
808,55131,Washington County,WI,136034,"69,249","68,439","28,063","109,625","27,297"
809,55133,Waukesha County,WI,404198,"205,247","205,187","84,982","325,452","84,405"
810,55139,Winnebago County,WI,171907,"86,933","83,785","33,880","136,838","29,943"
811,55141,Wood County,WI,72999,"36,722","37,271","15,879","58,114","16,222"
812,56021,Laramie County,WY,99500,"51,389","49,334","22,428","78,295","17,534"
813,56025,Natrona County,WY,79858,"40,401","39,200","18,486","61,115","13,873"
